Company Name,Profile URL,Overall Rating,Total Reviews,Industry,Company Summary,Salary Rating,Job Security Rating,Work-Life Balance Rating,Scraped At
TCS,https://www.ambitionbox.com/overview/tcs-overview,3.299999952316284,114177,"IT Services & Consulting, Financial Services, Internet, Education & Training, BPO","Tata Consultancy Services is an IT services, consulting and business solutions organization that has been partnering with many of the world’s largest businesses for the past 50 years. We believe innovation and collective knowledge can transform all our futures with greater purpose.",2.5,3.8,3.5,2026-05-13 02:39:12
Accenture,https://www.ambitionbox.com/overview/accenture-overview,3.700000047683716,73474,"IT Services & Consulting, Analytics & KPO, Software Product, Management Consulting","Accenture is a global professional services company with leading capabilities in digital, cloud, and security. Combining unmatched experience and specialized skills across more than 40 industries, we offer Strategy and Consulting, Interactive, Technology, and Operations services — all powered by the world’s largest network of Advanced Technology and Intelligent Operations centers. 

Our 674,000 people deliver on the promise of technology and human ingenuity every day, serving clients in more than 120 countries. We embrace the power of change to create value and shared success for our clients, people, shareholders, partners, and communities. Visit us at accenture.com.",3.3,3.6,3.6,2026-05-13 02:39:17
Wipro,https://www.ambitionbox.com/overview/wipro-overview,3.5999999046325684,65104,"IT Services & Consulting, Advertising / PR / Events, Consulting, Healthcare / Pharma, Recruitment, BPO","A technology services and consulting company, Wipro fuels digital transformation for the world's boldest organizations. With opportunities for growth across design, engineering, operations, and more, Wipro lets you reinvent your world - and your career.",3.0,3.7,3.6,2026-05-13 02:39:22
Cognizant,https://www.ambitionbox.com/overview/cognizant-overview,3.700000047683716,61467,"IT Services & Consulting, Consulting","At Cognizant, we give organizations the insights to anticipate what customers want and act instantly to deliver on those demands. So they can achieve the goal of every modern business: staying one step ahead of a fast-changing world.",3.2,3.6,3.6,2026-05-13 02:39:27
Capgemini,https://www.ambitionbox.com/overview/capgemini-overview,3.5999999046325684,53388,"IT Services & Consulting, Analytics & KPO, Banking, Software Product","Capgemini is an AI-powered global business and technology transformation partner, delivering tangible business value. We imagine the future of organizations and make it real with AI, technology and people. With our strong heritage of nearly 60 years, we are a responsible and diverse group of over 420,000 team members in more than 50 countries. We deliver end-to-end services and solutions with our deep industry expertise and strong partner ecosystem, leveraging our capabilities across strategy, technology, design, engineering and business operations. The Group reported 2025 global revenues of €22.5 billion. Make it real | www.capgemini.com Capgemini in India Capgemini is an AI-powered global business and technology transformation partner, delivering tangible business value. We imagine the future of organizations and make it real with AI, technology and people. With our strong heritage of nearly 60 years, we are a responsible and diverse group of over 420,000 team members in more than 50 countries. We deliver end-to-end services and solutions with our deep industry expertise and strong partner ecosystem, leveraging our capabilities across strategy, technology, design, engineering and business operations. The Group reported 2025 global revenues of €22.5 billion. Capgemini in India comprises nearly 235,000 team members working across 16 locations: Bangalore, Bhubaneswar, Chennai, Coimbatore, Gandhinagar, Gurugram, Hyderabad, Indore, Kolkata, Mumbai, Noida, Nashik, Pune, Salem, Tiruchirappalli and Visakhapatnam. Make it real | www.capgemini.com/in-en .",3.0,3.8,3.8,2026-05-13 02:39:31
HDFC Bank,https://www.ambitionbox.com/overview/hdfc-bank-overview,3.799999952316284,52431,"Banking, Financial Services, Media & Entertainment / Publishing, Insurance, NBFC","HDFC Bank is one of India’s leading private banks and was among the first to receive approval from the Reserve Bank of India (RBI) to set up a private sector bank in 1994. As of December 31, 2024, the Bank’s distribution network was at 9,143 branches and 21,049 ATMs across 4,101 cities / towns as against 8,091 branches and 20,688 ATMs across 3,872 cities / towns as of December 31, 2023. 51% of our branches are in semiurban and rural areas. ​​​​​​​The Bank’s international operations comprises four branches in Hong Kong, Bahrain, Dubai and an IFSC Banking Unit (IBU) in Gujarat International Finance Tech City. It has five representative offices in Kenya, Abu Dhabi, Dubai, London and Singapore. The Singapore and London offices were representative offices of erstwhile HDFC Limited and became representative offices of the Bank post the merger. These are for providing loans-related services for availing housing loans in India and for the purchase of properties in India.",3.4,3.9,3.5,2026-05-13 02:39:36
Infosys,https://www.ambitionbox.com/overview/infosys-overview,3.5,48796,"IT Services & Consulting, Consulting","Infosys is a global leader in next-generation digital services and consulting. Over 323,000 of our people work to amplify human potential and create the next opportunity for people, businesses and communities. We enable clients in 59 countries to navigate their digital transformation. With over four decades of experience in managing the systems and workings of global enterprises, we expertly steer clients, as they navigate their digital transformation powered by cloud and AI. We enable them with an AI-first core, empower the business with agile digital at scale and drive continuous improvement with always-on learning through the transfer of digital skills, expertise, and ideas from our innovation ecosystem. We are deeply committed to being a well-governed, environmentally sustainable organization where diverse talent thrives in an inclusive workplace. Visit www.infosys.com to see how Infosys (NSE, BSE, NYSE: INFY) can help your enterprise navigate your next.",2.7,3.9,3.6,2026-05-13 02:39:39
HCLTech,https://www.ambitionbox.com/overview/hcl-technologies-overview,3.4000000953674316,45997,"IT Services & Consulting, Telecom, Education & Training, Hardware & Networking, Banking, Emerging Technologies, Software Product","HCLTech is a global technology company, home to more than 227,000 people across 60 countries, delivering industry-leading capabilities centered around digital, engineering, cloud and AI, powered by a broad portfolio of technology services and products. We work with clients across all major verticals, providing industry solutions for Financial Services, Manufacturing, Life Sciences and Healthcare, Technology and Services, Telecom and Media, Retail and CPG, and Public Services. Consolidated revenues as of 12 months ending March 2026 totaled $14.7 billion.",2.8,3.6,3.5,2026-05-13 02:39:44
ICICI Bank,https://www.ambitionbox.com/overview/icici-bank-overview,4.0,45946,"Banking, Financial Services","ICICI Bank offers a range of financial products and services to retail, rural, small and medium enterprises and corporate customers. The Bank delivers products and services through various channels including branches, ATMs, mobile phones and the internet. The Bank aims to offer a seamless omni-channel experience to customers. The Bank progressed on its journey of Bank to BankTech through the digital and technological transformation. At ICICI Bank, technology is being integrated into every aspect, from delivering value to customers to optimising internal operations. We aim to grow our profitability within the guardrails of risk and compliance through a 360-degree customer-centric approach and by focusing on ecosystems and micro-markets. The principles of Fair to Customer, Fair to Bank and One Bank, One ROE will guide our operations. We focus on building a culture where every employee in the Bank serves customers with humility and upholds the values of brand ICICI. We aim to be the trusted financial services provider of choice for our customers and deliver sustainable returns to our shareholders.",3.7,4.0,3.7,2026-05-13 02:39:50
Tech Mahindra,https://www.ambitionbox.com/overview/tech-mahindra-overview,3.4000000953674316,43304,"IT Services & Consulting, BPO/KPO, Consulting, Analytics & KPO, Engineering & Construction","Tech Mahindra (NSE: TECHM) offers technology consulting and digital solutions to global enterprises across industries, enabling transformative scale at unparalleled speed. With 152,000+ professionals across 90+ countries helping 1100+ clients, Tech Mahindra provides a full spectrum of services including consulting, information technology, enterprise applications, business process services, engineering services, network services, customer experience & design, AI & analytics, and cloud & infrastructure services. It is the first Indian company in the world to have been awarded the Sustainable Markets Initiative’s Terra Carta Seal, which recognizes global companies that are actively leading the charge to create a climate and nature-positive future. Tech Mahindra is part of the Mahindra Group, founded in 1945, one of the largest and most admired multinational federation of companies. For more information on how TechM can partner with you to meet your Scale at Speed™ imperatives, please visit https://www.techmahindra.com/ Our Social Media Channels LinkedIn: https://www.linkedin.com/company/tech-mahindra X: https://www.twitter.com/Tech_Mahindra For more information on Tech Mahindra, please contact: Abhilasha Gupta, Global Head – Corporate Communications, Tech Mahindra Email: Abhilasha.Gupta@TechMahindra.com; media.relations@techmahindra.com",2.9,3.3,3.4,2026-05-13 02:39:54
HDB Financial Services,https://www.ambitionbox.com/overview/hdb-financial-services-overview,3.9000000953674316,25682,"NBFC, BPO/KPO, Financial Services, Banking","HDB Financial Services (HDBFS) is a leading Non-Banking Financial Company (NBFC) that caters to the growing needs of an Aspirational India, serving both Individual & Business Clients. Incorporated in 2007, we are a well-established business with strong capitalization. HDBFS is accredited with CARE AAA & CRISIL AAA ratings for its long-term debt & Bank facilities and an A1+ rating for its short-term debt & commercial papers, making it a strong and reliable financial institution. HDBFS maintains a strong commitment to ethical conduct. Transparency is ingrained in the structure of our Code of Ethics and our compliance policies to ensure that the highest standards of professional conduct are consistently reinforced and embedded in every corner of the organisation.",3.4,3.8,3.8,2026-05-13 02:39:57
Larsen & Toubro Limited,https://www.ambitionbox.com/overview/larsen-and-toubro-limited-overview,3.9000000953674316,23898,"Engineering & Construction, Defence & Aerospace, Industrial Machinery, Power, Real Estate, Oil & Gas","Larsen & Toubro is an Indian multinational engaged in EPC Projects, Hi-Tech Manufacturing and Services. It operates in over 50 countries worldwide. A strong, customer-focused approach and the constant quest for top-class quality have enabled L&T to attain and sustain leadership in its major lines of business for over eight decades. We are engaged in core, high impact sectors of the economy and our integrated capabilities span the entire spectrum of ‘design to delivery’. Every aspect of L&T's businesses is characterised by professionalism and high standards of corporate governance. Sustainability is embedded into our long-term strategy for growth. The Company’s manufacturing footprint extends across eight countries in addition to India. L&T has several international offices and a supply chain that extends around the globe.",3.8,4.0,3.4,2026-05-13 02:40:03
Deloitte,https://www.ambitionbox.com/overview/deloitte-overview,3.700000047683716,23177,"Management Consulting, IT Services & Consulting, Accounting & Auditing","At Deloitte, we help provide high-quality audit & assurance services, consulting, tax, and advisory services to some of the world’s most admired brands. Alongside this work, our Enabling Areas and Global teams support Deloitte’s businesses, helping create impact for clients, communities, and our people. Our professionals help provide measurable and lasting results that could help reinforce public trust in capital markets, enable clients to transform and thrive, and lead the way toward a stronger economy, a more equitable society and a sustainable world. Building on its 180-plus year history, Deloitte spans more than 150 countries and territories. Deloitte US‑India Offices (USI) is a region within the Deloitte US organization, with offices across seven cities in India: Hyderabad, Mumbai, Gurugram, Bengaluru, Kolkata, Pune, and Chennai.",3.6,3.7,3.2,2026-05-13 02:40:08
Kotak Mahindra Bank,https://www.ambitionbox.com/overview/kotak-mahindra-bank-overview,3.5999999046325684,22455,"Banking, Financial Services","Established in 1985, the Kotak Mahindra Group is one of India’s leading financial services conglomerates. In February 2003, Kotak Mahindra Finance Ltd. (KMFL), the Group’s flagship company, received a banking license from the Reserve Bank of India (RBI). With this, KMFL became the first non-banking finance company in India to become a bank – Kotak Mahindra Bank Limited. The Group offers a wide range of financial services that encompass every sphere of life. From commercial banking, to stock broking, mutual funds, life insurance and investment banking, the Group caters to the diverse financial needs of individuals and the corporate sector. The Group has a wide distribution network through branches and franchisees across India, and international offices in London, New York, California, Dubai, Abu Dhabi, Bahrain, Mauritius and Singapore.",3.4,3.6,3.5,2026-05-13 02:40:11
Reliance Industries ,https://www.ambitionbox.com/overview/reliance-industries-overview,4.0,20234,"Oil & Gas, Engineering & Construction, Petrochemicals","Reliance Industries Limited (RIL) is a Fortune 100 company and the largest private sector corporation in India. In just over four decades, we have emerged as one of India’s most valuable, stakeholder-centric organizations, building important assets for India and innovating for a better future for all Indians. We are one of the highest contributors to India's economic growth. The legacy of Reliance has been shaped by an ability to think big. If you are someone who thrives on going beyond the status quo, if you are up for challenges in large-scale initiatives and aspire to be part of extraordinary teams playing key roles in strengthening the country’s economic growth, then Reliance is likely to have an opportunity for you!",3.6,4.1,3.9,2026-05-13 02:40:17
Vodafone Idea,https://www.ambitionbox.com/overview/vodafone-idea-overview,3.9000000953674316,17596,Telecom,"Vodafone Idea Limited is an Aditya Birla Group and Vodafone Group partnership. It is India’s leading telecom service provider. The Company provides pan India Voice and Data services across 2G, 3G and 4G platform. With the large spectrum portfolio to support the growing demand for data and voice, the company is committed to deliver delightful customer experiences and contribute towards creating a truly ‘Digital India’ by enabling millions of citizens to connect and build a better tomorrow. The Company is developing infrastructure to introduce newer and smarter technologies, making both retail and enterprise customers future ready with innovative offerings, conveniently accessible through an ecosystem of digital channels as well as extensive on-ground presence. The Company is listed on National Stock Exchange (NSE) and Bombay Stock Exchange (BSE) in India.",3.9,3.7,3.8,2026-05-13 02:40:22
Bharti Airtel,https://www.ambitionbox.com/overview/bharti-airtel-overview,3.799999952316284,17068,Telecom,"Airtel was built with a bold purpose: to connect the world and unlock limitless possibilities. At our core, we are powered by energy, innovation, creativity, scale, and a strong sense of ownership. We don’t just do our jobs—we go the extra mile to create meaningful impact for our customers. Our people are highly skilled, constantly evolving, and driven to build world-class digital infrastructure. From rolling out next-generation technologies like 5G, IoT, Airtel IQ, and Airtel Black to shaping India’s digital future, we are at the forefront of transformation. Airtel’s 5G services are now live across 5,000+ cities and towns, serving over 10 million unique 5G customers nationwide. Airtel Black further simplifies life for families and friends by bringing multiple services under a single, seamless bill. Beyond consumer offerings, we deliver robust enterprise and carrier solutions, including national and international long-distance services. With over 574 million customers, our footprint spans nearly 96% of India’s population, supported by an extensive optical fiber network and 1.2 million retail outlets. Sustainability is equally central to our journey—through energy conservation, e-billing, and responsible e-waste recycling, we actively work to reduce our environmental impact. At India’s 3rd largest company (by market cap), we believe in taking early ownership, delivering with quality, and exploring diverse career paths to accelerate growth and learning. Together, we are building exceptional experiences for our consumers—while shaping a more connected, digital, and sustainable future for India.",3.7,3.6,3.6,2026-05-13 02:40:26
BYJU'S,https://www.ambitionbox.com/overview/byjus-overview,3.200000047683716,16350,"EdTech, Internet, Education & Training","BYJU'S is the world's most valuable ed-tech company and the creator of India's most loved school learning app. Launched in 2015, BYJU'S offers highly personalised and effective learning programs for classes 1 - 12 (K-12), and aspirants of competitive exams like JEE, IAS etc. With 50 million registered students and 3.5 million paid subscriptions, BYJU'S has become one of the most preferred education platforms across the globe.",3.5,2.4,2.8,2026-05-13 02:40:31
WNS,https://www.ambitionbox.com/overview/wns-overview,3.299999952316284,15270,"IT Services & Consulting, BPO/KPO, Consulting, Food Processing","WNS (Holdings) Limited (NYSE: WNS), is a global digital-led business transformation and services partner. WNS combines deep domain expertise with talent, technology and AI to co-create innovative solutions for over 600+ clients across 13 countries. We deliver an entire spectrum of solutions including industry-specific offerin, customer experience services, finance and accounting, human resources, procurement, and research and analytics to re-imagine the digital future of businesses. Our 63,000+ employees from 66 delivery centers worldwide work passionately towards enabling businesses in Travel, Insurance, Banking and Financial Services, Manufacturing, Retail and Consumer Packaged Goods, Shipping and Logistics, Healthcare, and Utilities. Our global footprint strides across 13 countries – including Canada, China, Costa Rica, India, Malaysia, the Philippines, Poland, Romania, South Africa, Sri Lanka, Turkey, the United Kingdom, and the United States.",2.9,3.5,3.3,2026-05-13 02:40:36
IDFC FIRST Bank,https://www.ambitionbox.com/overview/idfc-first-bank-overview,3.9000000953674316,14615,"Banking, Financial Services","Our vision is to build a world-class Bank in India, founded with principles of Ethical, Digital, and Social Good Banking. To read more about our Bank, visit here .",3.9,3.7,3.8,2026-05-13 02:40:40
HDFC Life,https://www.ambitionbox.com/overview/hdfc-life-overview,3.799999952316284,12067,"Insurance, Banking / Insurance / Accounting, Financial Services","HDFC Life Insurance Company Limited is a joint venture between HDFC Ltd., one of India’s leading housing finance institution and Standard Life Aberdeen, a global investment company. Established in 2000, HDFC Life is a leading long-term life insurance solutions provider in India, offering a range of individual and group insurance solutions that meet various customer needs such as Protection, Pension, Savings, Investment, Annuity and Health. As on March 31, 2020 the Company had 37 individual and 11 group products in its portfolio, along with 6 optional rider benefits, catering to a diverse range of customer needs. HDFC Life continues to benefit from its presence across the country with 421 branches and additional distribution touchpoints through several partnerships. The partnerships comprise 270 bancassurance partners including NBFCs (Non-Banking Financial Companies), MFIs (Micro Finance Institutions), SFBs (Small Finance Banks), etc. and more than 40 new ecosystem partners. The Company is also strengthened by a strong base of financial consultants.",3.7,3.7,3.7,2026-05-13 02:40:44
DXC Technology,https://www.ambitionbox.com/overview/dxc-technology-overview,3.5999999046325684,11997,IT Services & Consulting,"We deliver the mission critical IT services that move the world. DXC Technology is a Fortune 500 global IT services leader. Our more than 130,000 people in 70-plus countries are entrusted by our customers to deliver what matters most. We use the power of technology to deliver mission critical IT services across the Enterprise Technology Stack to drive business impact. DXC is an employer of choice with strong values, and fosters a culture of inclusion, belonging and corporate citizenship. We are DXC. What we do We deliver the IT services our customers need to modernize operations and drive innovation across their entire IT estate. We provide services across the Enterprise Technology Stack for business process outsourcing, analytics and engineering, applications, security, cloud, IT outsourcing and modern workplace. How we work Every day, we earn our customers’ trust by delivering transformative technologies to ensure the success, safety and well-being of businesses and people worldwide. We provide world-class IT services at scale from our Global Innovation and Delivery Centers in North America, South America, Europe, Asia and Australia. Our globally connected centers enable us to solve complex technology challenges and transform our customers’ businesses through our dedicated delivery workforce of more than 110,000 people. With globally distributed teams and rich engineering skills, DXC offers competitive solutions to address customers’ cost, regulatory, language and business continuity requirements. We leverage the power of partnerships through our curated DXC ecosystem of technology leaders. By combining strengths and expertise globally, we create solutions and deliver greater outcomes for customers across the Enterprise Technology Stack. Our values Our values are the fabric of DXC. They bind us together regardless of where or how we work and position us to succeed on our transformation journey. Join our team We inspire and take care of our people. We work to create a culture of learning, diversity and inclusion and are dedicated to strong ethics and corporate citizenship. In each of the three regions where we work — Americas; Europe, Middle East and Africa; and Asia Pacific — we’re singularly focused on delivering excellence for our customers. DXC is where brilliant people embrace change and seize opportunities to advance their careers and amplify customer success.",3.0,3.6,3.8,2026-05-13 02:40:49
Bandhan Bank,https://www.ambitionbox.com/overview/bandhan-bank-overview,3.700000047683716,11158,"Banking, Financial Services","Bandhan Bank Limited was incorporated on 23rd Dec, 2014 as a wholly-owned subsidiary of Bandhan Financial Holdings Limited, owned by Bandhan Financial Services Limited (BFSL), the largest micro finance organization in India. Its public shareholders include International Finance Corporation (IFC), SIDBI, Caladium Investment Pte. Ltd. (a company managed by GIC Special Investments Private Limited), Bandhan Employees Welfare Trust & a few individuals. Bandhan Bank is driven by a constant desire to serve better. The Kolkata-headquartered bank has two divisions - micro banking & general banking, offering a suite of retail financial solutions, including a variety of savings & loan products. Bandhan Bank seeks to offer world-class banking products & services to urban, semi-urban & rural customers alike. It is a bank for all but the focus remains unchanged to meet the financial needs of people who are overlooked by the formal banking system & create better education, health care & self-employment opportunities. In sync with the philosophy of ‘Aapka Bhala, Sabki Bhalai’ and keeping financial inclusion at the heart of it, Bandhan is committed to provide a host of products & services, competitively at par with India’s top private & state-owned banks. Simply put, when you choose to bank with Bandhan, you are choosing to be instrumental in the nation’s larger growth story.",3.5,3.7,3.6,2026-05-13 02:40:54
Digitide Solutions,https://www.ambitionbox.com/overview/conneqt-business-solutions-overview,3.5,10357,"IT Services & Consulting, BPO/KPO","Established in 2004, Conneqt Business Solutions Ltd. (formerly Tata Business Support Services Ltd) headquartered in Hyderabad, is a subsidiary of Quess Corp (BSE: 539978, NSE: QUESS), India’s leading business services provider. Throughout our journey, top industry analysts such as Gartner, Nelson Hall and Dun & Bradstreet have ranked us amongst the top Customer Lifecycle Management and Business Process Management service providers in India and the Middle East. We are committed to provide world-class customer experience with our dedicated team of over 32,000+ employees located across 26 delivery centres. We’re constantly refining our technologies and developing ideas to better serve our 120 clients in 24 Indian and 12 International languages in over 600 + locations across PAN India through our unique ‘Feet on Street’ offering. We have created a customer-centric collaborative ecosystem of people, platforms, processes and partners to align strategically with your business goals. We help elevate your organization with the power of our in-house domain expertise, cutting-edge technology, and analytics. Besides Customer Lifecycle Management and Business Process Management services, Conneqt also provides Finance and Accounting (FAO), HR Shared Services (HRSS) and Middle and Back Office Services. The company uses its innovative DiB (Digital-in a-Box) framework to help clients rapidly develop digital services that are market ready. Conneqt is also investing in automation and analytics capabilities and geographical expansion into US, Middle East and APAC.",3.0,3.4,3.4,2026-05-13 02:40:59
Mphasis,https://www.ambitionbox.com/overview/mphasis-overview,3.299999952316284,10255,"IT Services & Consulting, Financial Services, Hardware & Networking, Insurance, Emerging Technologies","Mphasis’ purpose is to be the “Driver in Driverless Car” for Global Enterprises by applying next-generation design, architecture and engineering services, to deliver scalable and sustainable software and technology solutions. Customer centricity is foundational to Mphasis and is reflected in the Mphasis’Front2BackTM Transformation approach. Front2BackTM uses the exponential power of cloud and cognitive to provide hyper-personalized (C=X2C2TM=1) digital experience to clients and their end customers. Mphasis’ Service Transformation approach helps ‘shrink the core’ through the application of digital technologies across legacy environments within an enterprise, enabling businesses to stay ahead in a changing world. Mphasis’ core reference architectures and tools, speed and innovation with domain expertise and specialization, combined with an integrated sustainability and purpose-led approach across its operations and solutions are key to building strong relationships with marquee clients.",2.7,3.4,3.5,2026-05-13 02:41:05
Yes Bank,https://www.ambitionbox.com/overview/yes-bank-overview,3.700000047683716,10200,"Banking, Banking / Insurance / Accounting, Financial Services","YES BANK, India’s fourth largest private sector bank is a high quality, customer centric and service driven Bank. Since inception in 2004, YES BANK has grown into a ‘Full Service Commercial Bank’ providing a complete range of products, services and technology driven digital offerings, catering to corporate, MSME & retail customers. YES BANK operates its Investment banking, Merchant banking & Brokerage businesses through YES SECURITIES and its Mutual Fund business through YES Asset Management (India) Limited, both wholly owned subsidiaries of the Bank. Headquartered in Mumbai, it has a pan-India presence across all 28 states and 9 Union Territories in India including an IBU at GIFT City, and a Representative Office in Abu Dhabi.",3.7,3.3,3.6,2026-05-13 02:41:09
Tata Steel,https://www.ambitionbox.com/overview/tata-steel-overview,4.0,9897,"Iron & Steel, Manufacturing, Metals & Mining, Power","We touch the lives of millions of people across the world every day with the steel that we produce. And it is highly likely that Tata Steel has affected your life today, though you may not know it. From the vehicle you drive, to the house you live in; from the bridges you cross, to the hand tools that you use, we strive to deliver unparalleled quality through our customised value-added solutions to make your life easier. This is made possible by our commitment to a culture of continuous improvement, through which we drive operational excellence in processes, products and people. Tata Steel, with an annual crude steel capacity of 34 million tonnes per annum (MnTPA), is one of the world’s most geographically diversified steel producers. We are one of the few steel operations that are fully integrated – from mining to the manufacturing and marketing of finished products. Continuous improvement in our product and service portfolio, along with success in value creating initiatives for customers, allows us to serve global growth markets. Today, we have our operations and commercial presence across the world. Tata Steel, together with its subsidiaries, associates, and joint ventures, is spread across five continents. Our Raw Material operations are spread across India and Canada which help us to be self-sufficient in steel production. Key manufacturing functions are performed by the raw materials and iron-making groups, while Shared Services provides maintenance support for a smooth production.",3.5,4.0,4.0,2026-05-13 02:41:14
Quess,https://www.ambitionbox.com/overview/quess-overview,3.799999952316284,9757,Recruitment,"Founded in 2007 and headquartered in Bengaluru, Quess has scaled from a start-up into one of the world’s largest and most trusted staffing organisations. Today, we operate across eight countries, engage over 480,000 professionals, and serve more than 2,200 clients worldwide across BFSI, Retail, Telecom, Manufacturing, Information Technology, Global Capability Centres (GCCs), and other critical industries.",3.5,3.4,3.7,2026-05-13 02:41:19
Asian Paints,https://www.ambitionbox.com/overview/asian-paints-overview,3.9000000953674316,9567,"Chemicals, Retail","Asian Paints: A Legacy of Innovation, Growth & Purpose Founded in 1942 by four visionary friends, Asian Paints began as a modest partnership firm with a bold ambition—to challenge the global giants in India’s paint industry. Over the decades, it has grown into India’s leading paint company and a global corporate force, driven by a relentless focus on consumers, innovation, and excellence. Who We Are We are passionate about colour, design, décor, and protection - making everything beautiful and enduring. As global innovators, we redefine trends with world-class, sustainable solutions that inspire people to realise their dreams. We co-create with customers and partners, transforming billions of spaces and lives. Our inclusive, dynamic workplace fosters creativity and drives positive change, bringing joy to the world! What We Do Asian Paints offers a comprehensive portfolio that includes: 1. Decorative & Industrial Paints 2. Waterproofing Solutions & Adhesives 3. Home Décor: Modular kitchens, wardrobes, bath fittings, sanitaryware, decorative lighting, uPVC windows & doors, wall coverings, furniture, fabrics, and rugs.",4.2,3.8,3.5,2026-05-13 02:41:23
Maruti Suzuki,https://www.ambitionbox.com/overview/maruti-suzuki-overview,4.099999904632568,9531,"Automobile, Manufacturing","Experiences fuelled by innovations, forward thinking, and a commitment to bring the very best to Indian roads. From the day the iconic Maruti 800 was launched in 1983, the company has been spearheading a revolution of change. Turning country’s necessity for driving, into its love for driving. However, tastes and demands keep on evolving with each new generation of Indians. This has not been looked at by Maruti Suzuki as a challenge, but as an inspiration to go beyond traditional boundaries of car-making. Infusing design and technology is one such step it has taken to make its cars meet new age expectations smoothly. Today, Maruti Suzuki has its eyes set firmly on the possibilities of tomorrow. And everybody is invited on this journey of growth through employment, of talented manpower who wants to contribute in this journey. Maruti Suzuki India Limited, BU Hansalpur is subsidiary of Suzuki Motor Corporation to produce automobiles in India, is running on 03 line production with capacity of 7.5 Lacs car manufacturing. This Plant Maruti Suzuki India Limited, BUH Gujarat plant was established in March 2014, aiming to secure production ability in preparation for the automobile market growth in India, as well as for expansion of exports from India. Plant A started operating in February 2017, and Plant B and Powertrain Plant in January 2019. In October 2020, Plant C started working. MSIL GJ became the fastest production site of Suzuki to achieve accumulated automobile production of 1 million units.",4.2,4.2,3.9,2026-05-13 02:41:28
Ericsson,https://www.ambitionbox.com/overview/ericsson-overview,3.9000000953674316,8414,"Telecom, Internet, Analytics & KPO","Creating game-changing technologies and services that shape our future - that's what we do. By combining creativity, expertise and technology, we open new possibilities in communication for you. And together, we support in resolving global challenges. For example by mitigating climate change and connecting every school in the world.",3.4,3.7,4.0,2026-05-13 02:41:31
Samsung,https://www.ambitionbox.com/overview/samsung-overview,3.9000000953674316,8332,"Consumer Electronics & Appliances, Consumer goods, Manufacturing, Electronics","Samsung Electronics is a global leader in technology, opening new possibilities for people everywhere. Through relentless innovation and discovery, we are transforming the worlds of TVs, smartphones, wearable devices, tablets, digital appliances, network systems, medical devices, semiconductors and LED solutions. Samsung is also leading in the Internet of Things space through, among others, our Smart Home and Digital Health initiatives. Since being established in 1969, Samsung Electronics has grown into one of the world’s leading technology companies, and become recognized as one of the top 10 global brands. Our network now extends across the world, and Samsung takes great pride in the creativity and diversity of its talented people, who drive our growth. To discover more, please visit our website at www.samsung.com and our official newsroom at news.samsung.com",3.8,3.6,3.7,2026-05-13 02:41:34
Dr. Reddy's,https://www.ambitionbox.com/overview/dr-dot-reddys-overview,4.0,8236,"Pharma, Clinical Research","We started in 1984 with a modest investment and a bold vision. Today, with research and development centres, manufacturing facilities and commercial presence across the globe, we serve over half a billion patients worldwide. We aspire to triple our reach and touch over 1.5 billion patients by 2030. We are committed to providing access to affordable and innovative medicines, driven by our purpose of ‘Good Health Can’t Wait’. Our products and services are spread across our core businesses of Active Pharmaceutical Ingredients (API), generics, branded generics, biosimilars and over-the-counter pharmaceutical products around the world. We work towards meeting unmet patients needs in the areas of gastro-enterology, cardiovascular, diabetology, oncology, pain management and dermatology. We are investing in businesses of the future including drug discovery, clinically-differentiated assets and digital healthcare.",3.9,3.5,3.9,2026-05-13 02:41:38
Optum Global Solutions,https://www.ambitionbox.com/overview/optum-global-solutions-overview,4.0,7973,"IT Services & Consulting, Hardware & Networking, Healthcare, Software Product","Optum, part of the UnitedHealth Group family of businesses, is a global organization that delivers care, aided by technology to help millions of people live healthier lives. The work you do with our team will directly improve health outcomes by connecting people with the care, pharmacy benefits, data and resources they need to feel their best. Here, you will find a culture guided by inclusion, talented peers, comprehensive benefits and career development opportunities. Come make an impact on the communities we serve as you help us advance health optimization on a global scale. Join us to start Caring. Connecting. Growing together.",3.5,4.2,4.1,2026-05-13 02:41:42
JSW Steel,https://www.ambitionbox.com/overview/jsw-steel-overview,3.9000000953674316,7901,"Iron & Steel, Financial Services, Metals & Mining, Engineering & Construction","JSW Steel has always been at the forefront of research and innovation. It has a strategic collaboration with global leader JFE Steel of Japan, enabling JSW to access new and state-of-the-art technologies to produce & offer high-value special steel products to its customers. These products are extensively used across industries and applications including construction, infrastructure, automobile, electrical applications, appliances, etc. JSW Steel is widely recognized for its excellence in business and sustainability practices. Some of these recognitions include World Steel Association’s Steel Sustainability Champion (consecutively 2019 to 2021), Leadership Rating (A-) in CDP (2020), Deming Prize for TQM for its facilities at Vijayanagar (2018) and Salem (2019). It is part of the Dow Jones Sustainability Index (DJSI) for Emerging Markets (2021) and S&P Global’s Sustainability Yearbook (consecutively for 2020 and 2021). JSW Steel is the only Indian company to be ranked among the top 15 global steel producers by World Steel Dynamics for 13 consecutive years since 2008. As a responsible corporate citizen, JSW Steel’s carbon reduction goals are aligned with India’s Climate Change commitments under the Paris Accord.",3.6,4.1,3.6,2026-05-13 02:41:47
JPMorgan Chase & Co.,https://www.ambitionbox.com/overview/jpmorgan-chase-and-co-dot-overview,3.799999952316284,7851,Financial Services,"JPMorgan Chase & Co. (NYSE: JPM) is a leading financial services firm with assets of $3.7 trillion and operations worldwide. The firm is a leader in investment banking, financial services for consumers and small businesses, commercial banking, financial transaction processing and asset management. Under the J.P. Morgan and Chase brands, the firm serves millions of customers, predominantly in the U.S., and many of the world’s most prominent corporate, institutional and government clients globally. We put our customers first, building with their needs in mind, providing worldclass service and growing to reach people, businesses and communities everywhere. We take pride in what we do and care deeply about our customers, communities and each other. We have a culture of teamwork, trust, humanity and humility. We create space for people to bring their full selves to work. We’re distinguished by our capacity to imagine and build. Our innovations are powered by a deep understanding of our customers and clients. We bring our capabilities and experience to bear on the toughest challenges in the world. We lead with expertise, foresight and fortitude to deliver exceptional results. We face facts and make disciplined decisions grounded in data, with a long-term view. We strive to stand up for what we believe in and do the right thing. Our quality and rigor at scale are unmatched. We attract world-class talent and create an environment where they can thrive. We set high expectations, commit to strong performance and hold ourselves accountable to the highest standards of integrity.",3.7,3.9,3.6,2026-05-13 02:41:52
Delhivery,https://www.ambitionbox.com/overview/delhivery-overview,3.799999952316284,7817,"Logistics, Internet, Logistics / Shipping, Urban Transport, Ports & Shipping","We are India’s largest fully integrated logistics provider. We aim to build the operating system for commerce, through a combination of world-class infrastructure, logistics operations of the highest quality and cutting-edge engineering and technology capabilities. Since its inception in 2011, our team has successfully fulfilled over 2 billion orders across India. We have built a nation-wide network with a presence in every state, servicing over 18,600 pin codes. 24 automated sort centres, 94 gateways, 2880 direct delivery centres, and a team of over 57,000 people make it possible for us to deliver 24 hours a day, 7 days a week, 365 days a year.",3.5,3.6,3.5,2026-05-13 02:41:58
ICICI Prudential Life Insurance,https://www.ambitionbox.com/overview/icici-prudential-life-insurance-overview,3.9000000953674316,7776,"Insurance, Financial Services","ICICI Prudential Life Insurance Company Limited (ICICI Prudential Life) is promoted by ICICI Bank Limited and Prudential Corporation Holdings Limited. ICICI Prudential Life began its operations in the fiscal year 2001. On a retail weighted received premium basis (RWRP), it has consistently been amongst the top companies in the Indian life insurance sector. Our Assets Under Management (AUM) on 31st March 2022 were `2,404.92 billion. At ICICI Prudential Life, we operate on the core philosophy of customer-centricity. We offer long-term savings and protection products to meet the different life stage requirements of our customers.",3.9,3.9,3.7,2026-05-13 02:42:01
Hexaware Technologies,https://www.ambitionbox.com/overview/hexaware-technologies-overview,3.4000000953674316,7694,"IT Services & Consulting, BPO/KPO","We're a community of 32,000+ Hexawarians dedicated to one singular purpose: creating smiles through great people and technology. With a presence in 54 offices across 28 countries, we enable enterprises worldwide to embark on their digital transformation journey with scale and speed. As an employer of choice for over three decades, we're more than just a workplace. We put people at the center of everything we do. Our diverse and inclusive work environment, paired with dynamic learning and development programs, empowers our teams to innovate, collaborate, and drive meaningful change. We’re driven by our shared vision of becoming the world’s most loved digital transformation partner—a trusted ally in shaping a brighter tomorrow. Visit www.hexaware.com to learn more about how we’re transforming lives and businesses globally.",3.0,3.3,3.4,2026-05-13 02:42:07
Ujjivan Small Finance Bank,https://www.ambitionbox.com/overview/ujjivan-small-finance-bank-overview,4.0,7634,"Banking, Financial Services","Ujjivan Small Finance Bank (USFB) Limited is among the leading small finance banks in the country. As a mass market bank, it remains committed to serve the unserved and underserved segments through financial and digital inclusion. We are now a one-stop destination for financial services and offer personalised customer experience to our wide customer base. With technology as a key enabler, Ujjivan Small Finance Bank continues to expand its reach and enhance customer experience. The strengthened digital interfaces, across regions and languages has empowered our customers to seek timely and easy access to finance; at all times. This has further enabled the Bank to deepen its customer connect across diverse locations. As a ‘Responsible Bank’ we stay invested in creating a sustainable social impact through community development and financial literacy initiatives. Ujjivan Financial Services Limited (UFSL) commenced operations as an NBFC in 2005, with the mission to provide a full range of financial services to the ‘economically active poor’ who were not adequately served by financial institutions. On receipt of License from RBI, UFSL set up Ujjivan Small Finance Bank (USFB) and USFB commenced its Banking operations from February 1, 2017. We are a ‘scheduled bank’ included in the Second Schedule to the Reserve Bank of India Act, 1934 and a listed Entity. Our IPO in 2019 was oversubscribed 170 times, and it was widely considered to be the best IPO in the last four years across the banking and financial services sector. The Bank has a Pan-India presence, with over 89 lakh customers, 752 banking touchpoints across 326 districts, 26 states and Union Territories, Our convenient alternative channels and digital footprint across internet banking, mobile application, tablet-based origination and phone banking among others, provide 24x7 access to full services of the Bank.",3.8,3.9,3.9,2026-05-13 02:42:10
Hindustan Unilever ,https://www.ambitionbox.com/overview/hindustan-unilever-overview,4.199999809265137,7193,"FMCG, Biotech & Life sciences, Healthcare / Pharma, Retail, Pharma","We’re driven by our purpose: to make sustainable living commonplace. With 90 years of heritage in India, Hindustan Unilever Limited (HUL) is India’s largest fast-moving consumer goods company. On any given day, nine out of ten Indian households use one or more of our brands, giving us a unique opportunity to build a brighter future. We are known for our great brands, the positive social impact we create and our belief in doing business the right way.",3.9,4.0,4.0,2026-05-13 02:42:14
ITC,https://www.ambitionbox.com/overview/itc-overview,3.9000000953674316,7181,"FMCG, Fashion & Textile, Hospitality, Pulp & Paper, Printing & Publishing","ITC is one of India's foremost private sector companies and a diversified conglomerate with businesses spanning Fast Moving Consumer Goods, Hotels, Paperboards and Packaging, Agri-Business, and Information Technology. The Company is acknowledged as one of India's most valuable business corporations with a Gross sales value of ₹ 76,097.31 crores and a Net Profit of ₹ 15,136.05 crores (as of 31.03.2020). ITC was ranked as India's most admired company, according to a survey conducted by Fortune India, in association with Hay Group. ITC is the country's leading FMCG marketer, the clear market leader in the Indian Paperboard and Packaging industry, a globally acknowledged pioneer in farmer empowerment through its wide-reaching Agri Business, a pre-eminent hotel chain in India that is a trailblazer in 'Responsible Luxury'. ITC's wholly-owned subsidiary, ITC Infotech, is a specialized global digital solutions provider. Over the last decade, ITC's new Consumer Goods Businesses have established a vibrant portfolio of 25 world-class Indian brands that create and retain value in India. ITC's world-class FMCG brands including Aashirvaad, Sunfeast, Yippee!, Bingo!, B Natural, ITC Master Chef, Fabelle, Sunbean, Fiama, Engage, Vivel, Savlon, Classmate, Papercraft, Mangaldeep, Aim, and others have garnered encouraging consumer franchise within a short span of time. While several of these brands are market leaders in their segments, others are making appreciable progress.",3.5,4.1,3.6,2026-05-13 02:42:19
Megha Engineering & Infrastructures,https://www.ambitionbox.com/overview/megha-engineering-and-infrastructure-overview,3.9000000953674316,6954,Engineering & Construction,"Megha Engineering & Infrastructures Ltd (MEIL) is a multi-sector infrastructure company with a strong footprint across various sectors like hydrocarbons, electric buses, defence, telecom, power, transport, manufacturing, general and social infrastructure, irrigation, and drinking water. This $5bn company is taking giant strides globally. Leveraging the advantage of its strength in having a diversified portfolio in multifarious sectors, the company has made its presence felt in areas that have been key drivers of growth.",3.7,3.7,3.8,2026-05-13 02:42:24
Coforge,https://www.ambitionbox.com/overview/coforge-overview,3.299999952316284,6915,"IT Services & Consulting, Consulting, Financial Services, Emerging Technologies, Software Product","Transform at the Intersect. Thrive with Coforge. Coforge is a global digital services and solutions provider that fuses deep domain expertise with emerging technology to deliver real-world business impact. With a sharp focus on select industries, a product engineering-led approach, and an execution intensity that’s uniquely our own, we’ve emerged as the 7 th largest Indian IT services firm and the Fastest of the ‘Fastest Five’ per HFS Research—with a revenue growth rate nearly 8x the industry average. In FY25, we recorded $1.45 billion in revenue, and we enter FY26 with a $1.5 billion executable order book—a testament to the trust we’ve earned and the outcomes we engineer. Our DNA is rooted in AI-driven engineering excellence, powered by an exceptional partner ecosystem and a strong commitment to innovation. We help businesses transform into intelligent, high-growth enterprises through capabilities in Generative AI, Cloud, Data & Analytics, Low-Code Platforms, Intelligent Automation, Cybersecurity, and more. We operate across 25 countries, with 30 global delivery centers, and a thriving global workforce of 33,497 employees. ""We are somewhat atypical in our approach to solving business problems. We are specialists, not just engineers and technologists, who spend an inordinate amount of time understanding the targeted functional spaces that we focus on."" — Sudhir Singh, CEO, Coforge A Culture of Belonging. A Place to Grow. At Coforge, we believe growth is mutual—we advance when our people thrive. We offer a non-discriminatory, inclusive, and empowering work environment where every individual is given the space and support to succeed. We’ve been certified as a Great Place to Work® four years in a row, and have been recognized for excellence in Employee Engagement, Learning & Development, and Corporate Social Responsibility.",3.1,3.2,3.4,2026-05-13 02:42:28
Tata Projects,https://www.ambitionbox.com/overview/tata-projects-overview,4.199999809265137,6837,Engineering & Construction,"#StrongFoundationForStrongNation #BuildingNation #TransformingLives Tata Projects is one of the most admired Technology led Engineering, Procurement and Construction (EPC) companies in India. We have expertise in providing sustainable solutions in the execution of large and complex urban and industrial infrastructure projects while also demonstrating strong presence in refineries and petrochemical plants. We leverage our domain knowledge across various business segments to address the shift to clean energy to meet the nation’s Net Zero ambitions. We provide ready-to-deploy solutions for semiconductor facilities, giga factories, data centres, refineries, green fuels, roads, bridges, integrated rail & metro systems, commercial building & airports, power generation, transmission & distribution systems, chemical process plants, water & waste management, and mining & metal purification systems. Tata Projects offers one stop service covering entire life cycle of the project, from project conceptualization to operations & maintenance. It uses innovative technology solutions to offer bouquet of services which includes engineering, procurement, construction, commissioning, inspection & expediting, operations, repairs & maintenance, and shutdown services. Over the years, Tata Projects has received several awards and recognitions for its project delivery and commitment to safety & quality. We are a part of the TATA Group which operates in more than 100 countries across six continents, with a mission ‘To improve the quality of life of the communities we serve globally, through long-term stakeholder value creation based on Leadership with Trust’. In 2023-24, the revenue of Tata companies, taken together, was $165Billion. These companies collectively employ over 10,00,000 people.",4.2,4.0,4.0,2026-05-13 02:42:33
Bajaj Life Insurance,https://www.ambitionbox.com/overview/bajaj-life-overview,3.799999952316284,6645,"Insurance, Financial Services","Bajaj Life Insurance Limited, formerly known as Bajaj Allianz Life Insurance Company Limited, is one of India’s fastest-growing private life insurers. Our organisation has transitioned to being 100% owned by the Bajaj Group – a household name in India with a 100-year legacy of trust and credibility. As part of Bajaj Finserv Limited, one of the country’s most diversified and respected financial services groups, we bring innovation, a customer-first mindset, and technology-led solutions to the forefront. Today, we stand as a trusted partner to over 3.85 crore Indians in securing their future. At a glance, numbers you should know: ₹1,37,866 Cr Assets Under Management 343% Solvency Margin 99.29% Claim Settlement Ratio 597 Branches 1.64 Lakh+ Insurance Consultants (as on February, 2026) 28,000+ Bajaj Life Employees (as on February, 2026) We offer a diverse range of plans to support Life Goals at every stage. Our life insurance products ranging from ULIPs with Zero Allocation Charges to the SISO Investment Approach are built to drive long-term growth. Our holistic term plans address specific needs, whether it’s cover for diabetics, or the Superwoman Term Plan with enhanced critical illness benefits. Every product is thoughtfully designed to meet the Life Goals of millions of Indians. Driven by innovation and inclusivity, we remain committed in enabling customers achieve their Life Goals through value-driven, innovative products that are simple to understand, affordable and designed to address long-term needs such as protection, wealth creation, retirement planning, and more. These offerings are supported by a comprehensive suite of future driven, digital-first services across customer touchpoints, ensuring seamless accessibility and convenience. We have a robust distribution network of 597 branches and over 1,64,861 agents (as on February, 2026), complemented by partnerships with leading Indian banks as well as wide network of corporate agents, providing customers with convenient access to our products.",3.8,3.7,3.7,2026-05-13 02:42:37
Cholamandalam Investment & Finance,https://www.ambitionbox.com/overview/cholamandalam-investment-and-finance-overview,3.799999952316284,6634,Financial Services,"Cholamandalam Investment and Finance Company Limited (Chola), founded in 1978 as part of the Murugappa Group, initially focused on equipment financing. Over the years, Chola has transformed into a leading comprehensive financial services provider, offering a wide array of solutions including vehicle finance, home loans, SME loans, home equity loans, loan against property, consumer durable loans, and more. With a nationwide presence of 1,500+ branches and Assets Under Management (AUM) surpassing Rs. 1.77 lakh crore, Chola serves over 42.9 lakh happy customers. The company’s subsidiaries include Cholamandalam Securities Limited (CSEC), Cholamandalam Home Finance Limited (CHFL), and Payswiff Technologies Private Limited (Payswiff), enhancing its diverse portfolio. At Chola, our commitment is to foster growth and empowerment for customers, employees, shareholders, and communities alike. We are driven by a strong foundation of integrity, ethical values, and a deep sense of responsibility towards all our stakeholders. As we continue to grow and innovate, we aim to create sustainable value and contribute positively to the lives of those we serve, enabling them to enter a better life.",3.8,3.6,3.5,2026-05-13 02:42:41
L&T Technology Services,https://www.ambitionbox.com/overview/l-and-t-technology-services-overview,3.0999999046325684,6606,"IT Services & Consulting, Engineering & Construction","L&T Technology Services Limited (LTTS) is a global leader in Engineering and R&D (ER&D) services. With 470+ patents filed for 51 of the Global Top 100 ER&D spenders, LTTS lives and breathes engineering. Our innovations speak for itself – World’s 1st Autonomous Welding Robot, Solar ‘Connectivity’ Drone, and the Smartest Campus in the World, to name a few.",2.6,3.1,3.2,2026-05-13 02:42:46
FIS,https://www.ambitionbox.com/overview/fis-overview,3.799999952316284,6588,"FinTech, Software Product","FIS is a global leader in financial services technology, with a focus on retail and institutional banking, payments, asset and wealth management, risk and compliance, and outsourcing solutions. Through the depth and breadth of our solutions portfolio, global capabilities, and domain expertise, FIS serves more than 20,000 clients. Headquartered in Jacksonville, Florida. FIS employs more than 55,000 people worldwide and holds leadership positions in payment processing, financial software, and banking solutions. Providing software, services, and outsourcing of the technology that empowers the financial world, FIS is a Fortune 500 company and is a member of Standard & Poor’s 500® Index. For more information about FIS, visit www.fisglobal.com",3.5,3.4,4.0,2026-05-13 02:42:51
Oracle,https://www.ambitionbox.com/overview/oracle-overview,3.4000000953674316,6534,"Software Product, Financial Services, Internet, IT Services & Consulting","Oracle is the cloud leader for global business. Present in over 175 countries, we’re one of the biggest technology companies on the planet. With a fully integrated suite of cloud applications and infrastructure with global reach, we’re uniquely placed to transform businesses, empower governments, and energize nonprofits. Join us and you’ll drive meaningful change, work with innovative people, and shape the solutions that are making the world a better place. We put your potential in your hands with self-directed training, mentoring, and on-the-job learning. Share your aspirations and we’ll help you realize them. Culture and inclusion are part of everything we do. We thrive on the rich experiences and perspectives our people bring and so will you. We want you to ask questions, challenge how things are done, and innovate fearlessly. In return, you’ll get all the flexibility you need to bring your best self to your work. Explore careers today at oracle.com/in/careers",3.0,3.2,3.8,2026-05-13 02:42:56
